Series ID,Year,Period,Month,Value,Description,education
LEU0252887700,2000,Q01,1,603,"(unadj)- Median usual weekly earnings (second quartile), Employed full time, Wage and salary workers, 25 years and over",all
LEU0252887700,2000,Q02,4,606,"(unadj)- Median usual weekly earnings (second quartile), Employed full time, Wage and salary workers, 25 years and over",all
LEU0252887700,2000,Q03,7,611,"(unadj)- Median usual weekly earnings (second quartile), Employed full time, Wage and salary workers, 25 years and over",all
LEU0252887700,2000,Q04,10,614,"(unadj)- Median usual weekly earnings (second quartile), Employed full time, Wage and salary workers, 25 years and over",all
LEU0252887700,2001,Q01,1,620,"(unadj)- Median usual weekly earnings (second quartile), Employed full time, Wage and salary workers, 25 years and over",all
LEU0252887700,2001,Q02,4,624,"(unadj)- Median usual weekly earnings (second quartile), Employed full time, Wage and salary workers, 25 years and over",all
LEU0252887700,2001,Q03,7,636,"(unadj)- Median usual weekly earnings (second quartile), Employed full time, Wage and salary workers, 25 years and over",all
LEU0252887700,2001,Q04,10,642,"(unadj)- Median usual weekly earnings (second quartile), Employed full time, Wage and salary workers, 25 years and over",all
LEU0252887700,2002,Q01,1,645,"(unadj)- Median usual weekly earnings (second quartile), Employed full time, Wage and salary workers, 25 years and over",all
LEU0252887700,2002,Q02,4,643,"(unadj)- Median usual weekly earnings (second quartile), Employed full time, Wage and salary workers, 25 years and over",all
LEU0252887700,2002,Q03,7,646,"(unadj)- Median usual weekly earnings (second quartile), Employed full time, Wage and salary workers, 25 years and over",all
LEU0252887700,2002,Q04,10,651,"(unadj)- Median usual weekly earnings (second quartile), Employed full time, Wage and salary workers, 25 years and over",all
LEU0252887700,2003,Q01,1,659,"(unadj)- Median usual weekly earnings (second quartile), Employed full time, Wage and salary workers, 25 years and over",all
LEU0252887700,2003,Q02,4,659,"(unadj)- Median usual weekly earnings (second quartile), Employed full time, Wage and salary workers, 25 years and over",all
LEU0252887700,2003,Q03,7,662,"(unadj)- Median usual weekly earnings (second quartile), Employed full time, Wage and salary workers, 25 years and over",all
LEU0252887700,2003,Q04,10,667,"(unadj)- Median usual weekly earnings (second quartile), Employed full time, Wage and salary workers, 25 years and over",all
LEU0252887700,2004,Q01,1,676,"(unadj)- Median usual weekly earnings (second quartile), Employed full time, Wage and salary workers, 25 years and over",all
LEU0252887700,2004,Q02,4,684,"(unadj)- Median usual weekly earnings (second quartile), Employed full time, Wage and salary workers, 25 years and over",all
LEU0252887700,2004,Q03,7,681,"(unadj)- Median usual weekly earnings (second quartile), Employed full time, Wage and salary workers, 25 years and over",all
LEU0252887700,2004,Q04,10,692,"(unadj)- Median usual weekly earnings (second quartile), Employed full time, Wage and salary workers, 25 years and over",all
LEU0252887700,2005,Q01,1,696,"(unadj)- Median usual weekly earnings (second quartile), Employed full time, Wage and salary workers, 25 years and over",all
LEU0252887700,2005,Q02,4,688,"(unadj)- Median usual weekly earnings (second quartile), Employed full time, Wage and salary workers, 25 years and over",all
LEU0252887700,2005,Q03,7,697,"(unadj)- Median usual weekly earnings (second quartile), Employed full time, Wage and salary workers, 25 years and over",all
LEU0252887700,2005,Q04,10,704,"(unadj)- Median usual weekly earnings (second quartile), Employed full time, Wage and salary workers, 25 years and over",all
LEU0252887700,2006,Q01,1,712,"(unadj)- Median usual weekly earnings (second quartile), Employed full time, Wage and salary workers, 25 years and over",all
LEU0252887700,2006,Q02,4,705,"(unadj)- Median usual weekly earnings (second quartile), Employed full time, Wage and salary workers, 25 years and over",all
LEU0252887700,2006,Q03,7,726,"(unadj)- Median usual weekly earnings (second quartile), Employed full time, Wage and salary workers, 25 years and over",all
LEU0252887700,2006,Q04,10,726,"(unadj)- Median usual weekly earnings (second quartile), Employed full time, Wage and salary workers, 25 years and over",all
LEU0252887700,2007,Q01,1,733,"(unadj)- Median usual weekly earnings (second quartile), Employed full time, Wage and salary workers, 25 years and over",all
LEU0252887700,2007,Q02,4,735,"(unadj)- Median usual weekly earnings (second quartile), Employed full time, Wage and salary workers, 25 years and over",all
LEU0252887700,2007,Q03,7,745,"(unadj)- Median usual weekly earnings (second quartile), Employed full time, Wage and salary workers, 25 years and over",all
LEU0252887700,2007,Q04,10,741,"(unadj)- Median usual weekly earnings (second quartile), Employed full time, Wage and salary workers, 25 years and over",all
LEU0252887700,2008,Q01,1,757,"(unadj)- Median usual weekly earnings (second quartile), Employed full time, Wage and salary workers, 25 years and over",all
LEU0252887700,2008,Q02,4,760,"(unadj)- Median usual weekly earnings (second quartile), Employed full time, Wage and salary workers, 25 years and over",all
LEU0252887700,2008,Q03,7,763,"(unadj)- Median usual weekly earnings (second quartile), Employed full time, Wage and salary workers, 25 years and over",all
LEU0252887700,2008,Q04,10,764,"(unadj)- Median usual weekly earnings (second quartile), Employed full time, Wage and salary workers, 25 years and over",all
LEU0252887700,2009,Q01,1,772,"(unadj)- Median usual weekly earnings (second quartile), Employed full time, Wage and salary workers, 25 years and over",all
LEU0252887700,2009,Q02,4,770,"(unadj)- Median usual weekly earnings (second quartile), Employed full time, Wage and salary workers, 25 years and over",all
LEU0252887700,2009,Q03,7,774,"(unadj)- Median usual weekly earnings (second quartile), Employed full time, Wage and salary workers, 25 years and over",all
LEU0252887700,2009,Q04,10,780,"(unadj)- Median usual weekly earnings (second quartile), Employed full time, Wage and salary workers, 25 years and over",all
LEU0252887700,2010,Q01,1,787,"(unadj)- Median usual weekly earnings (second quartile), Employed full time, Wage and salary workers, 25 years and over",all
LEU0252887700,2010,Q02,4,774,"(unadj)- Median usual weekly earnings (second quartile), Employed full time, Wage and salary workers, 25 years and over",all
LEU0252887700,2010,Q03,7,780,"(unadj)- Median usual weekly earnings (second quartile), Employed full time, Wage and salary workers, 25 years and over",all
LEU0252887700,2010,Q04,10,788,"(unadj)- Median usual weekly earnings (second quartile), Employed full time, Wage and salary workers, 25 years and over",all
LEU0252887700,2011,Q01,1,791,"(unadj)- Median usual weekly earnings (second quartile), Employed full time, Wage and salary workers, 25 years and over",all
LEU0252887700,2011,Q02,4,794,"(unadj)- Median usual weekly earnings (second quartile), Employed full time, Wage and salary workers, 25 years and over",all
LEU0252887700,2011,Q03,7,798,"(unadj)- Median usual weekly earnings (second quartile), Employed full time, Wage and salary workers, 25 years and over",all
LEU0252887700,2011,Q04,10,805,"(unadj)- Median usual weekly earnings (second quartile), Employed full time, Wage and salary workers, 25 years and over",all
LEU0252887700,2012,Q01,1,815,"(unadj)- Median usual weekly earnings (second quartile), Employed full time, Wage and salary workers, 25 years and over",all
LEU0252887700,2012,Q02,4,821,"(unadj)- Median usual weekly earnings (second quartile), Employed full time, Wage and salary workers, 25 years and over",all
LEU0252887700,2012,Q03,7,803,"(unadj)- Median usual weekly earnings (second quartile), Employed full time, Wage and salary workers, 25 years and over",all
LEU0252887700,2012,Q04,10,823,"(unadj)- Median usual weekly earnings (second quartile), Employed full time, Wage and salary workers, 25 years and over",all
LEU0252887700,2013,Q01,1,827,"(unadj)- Median usual weekly earnings (second quartile), Employed full time, Wage and salary workers, 25 years and over",all
LEU0252887700,2013,Q02,4,828,"(unadj)- Median usual weekly earnings (second quartile), Employed full time, Wage and salary workers, 25 years and over",all
LEU0252887700,2013,Q03,7,820,"(unadj)- Median usual weekly earnings (second quartile), Employed full time, Wage and salary workers, 25 years and over",all
LEU0252887700,2013,Q04,10,835,"(unadj)- Median usual weekly earnings (second quartile), Employed full time, Wage and salary workers, 25 years and over",all
LEU0252887700,2014,Q01,1,837,"(unadj)- Median usual weekly earnings (second quartile), Employed full time, Wage and salary workers, 25 years and over",all
LEU0252887700,2014,Q02,4,831,"(unadj)- Median usual weekly earnings (second quartile), Employed full time, Wage and salary workers, 25 years and over",all
LEU0252887700,2014,Q03,7,839,"(unadj)- Median usual weekly earnings (second quartile), Employed full time, Wage and salary workers, 25 years and over",all
LEU0252887700,2014,Q04,10,847,"(unadj)- Median usual weekly earnings (second quartile), Employed full time, Wage and salary workers, 25 years and over",all
LEU0252887700,2015,Q01,1,856,"(unadj)- Median usual weekly earnings (second quartile), Employed full time, Wage and salary workers, 25 years and over",all
LEU0252887700,2015,Q02,4,852,"(unadj)- Median usual weekly earnings (second quartile), Employed full time, Wage and salary workers, 25 years and over",all
LEU0252887700,2015,Q03,7,857,"(unadj)- Median usual weekly earnings (second quartile), Employed full time, Wage and salary workers, 25 years and over",all
LEU0252887700,2015,Q04,10,872,"(unadj)- Median usual weekly earnings (second quartile), Employed full time, Wage and salary workers, 25 years and over",all
LEU0252916700,2000,Q01,1,365,"(unadj)- Median usual weekly earnings (second quartile), Employed full time, Wage and salary workers, Less than a high school diploma, 25 years and over", Less than a high school diploma
LEU0252916700,2000,Q02,4,368,"(unadj)- Median usual weekly earnings (second quartile), Employed full time, Wage and salary workers, Less than a high school diploma, 25 years and over", Less than a high school diploma
LEU0252916700,2000,Q03,7,356,"(unadj)- Median usual weekly earnings (second quartile), Employed full time, Wage and salary workers, Less than a high school diploma, 25 years and over", Less than a high school diploma
LEU0252916700,2000,Q04,10,357,"(unadj)- Median usual weekly earnings (second quartile), Employed full time, Wage and salary workers, Less than a high school diploma, 25 years and over", Less than a high school diploma
LEU0252916700,2001,Q01,1,377,"(unadj)- Median usual weekly earnings (second quartile), Employed full time, Wage and salary workers, Less than a high school diploma, 25 years and over", Less than a high school diploma
LEU0252916700,2001,Q02,4,387,"(unadj)- Median usual weekly earnings (second quartile), Employed full time, Wage and salary workers, Less than a high school diploma, 25 years and over", Less than a high school diploma
LEU0252916700,2001,Q03,7,386,"(unadj)- Median usual weekly earnings (second quartile), Employed full time, Wage and salary workers, Less than a high school diploma, 25 years and over", Less than a high school diploma
LEU0252916700,2001,Q04,10,380,"(unadj)- Median usual weekly earnings (second quartile), Employed full time, Wage and salary workers, Less than a high school diploma, 25 years and over", Less than a high school diploma
LEU0252916700,2002,Q01,1,389,"(unadj)- Median usual weekly earnings (second quartile), Employed full time, Wage and salary workers, Less than a high school diploma, 25 years and over", Less than a high school diploma
LEU0252916700,2002,Q02,4,390,"(unadj)- Median usual weekly earnings (second quartile), Employed full time, Wage and salary workers, Less than a high school diploma, 25 years and over", Less than a high school diploma
LEU0252916700,2002,Q03,7,386,"(unadj)- Median usual weekly earnings (second quartile), Employed full time, Wage and salary workers, Less than a high school diploma, 25 years and over", Less than a high school diploma
LEU0252916700,2002,Q04,10,388,"(unadj)- Median usual weekly earnings (second quartile), Employed full time, Wage and salary workers, Less than a high school diploma, 25 years and over", Less than a high school diploma
LEU0252916700,2003,Q01,1,397,"(unadj)- Median usual weekly earnings (second quartile), Employed full time, Wage and salary workers, Less than a high school diploma, 25 years and over", Less than a high school diploma
LEU0252916700,2003,Q02,4,394,"(unadj)- Median usual weekly earnings (second quartile), Employed full time, Wage and salary workers, Less than a high school diploma, 25 years and over", Less than a high school diploma
LEU0252916700,2003,Q03,7,397,"(unadj)- Median usual weekly earnings (second quartile), Employed full time, Wage and salary workers, Less than a high school diploma, 25 years and over", Less than a high school diploma
LEU0252916700,2003,Q04,10,397,"(unadj)- Median usual weekly earnings (second quartile), Employed full time, Wage and salary workers, Less than a high school diploma, 25 years and over", Less than a high school diploma
LEU0252916700,2004,Q01,1,396,"(unadj)- Median usual weekly earnings (second quartile), Employed full time, Wage and salary workers, Less than a high school diploma, 25 years and over", Less than a high school diploma
LEU0252916700,2004,Q02,4,404,"(unadj)- Median usual weekly earnings (second quartile), Employed full time, Wage and salary workers, Less than a high school diploma, 25 years and over", Less than a high school diploma
LEU0252916700,2004,Q03,7,399,"(unadj)- Median usual weekly earnings (second quartile), Employed full time, Wage and salary workers, Less than a high school diploma, 25 years and over", Less than a high school diploma
LEU0252916700,2004,Q04,10,404,"(unadj)- Median usual weekly earnings (second quartile), Employed full time, Wage and salary workers, Less than a high school diploma, 25 years and over", Less than a high school diploma
LEU0252916700,2005,Q01,1,404,"(unadj)- Median usual weekly earnings (second quartile), Employed full time, Wage and salary workers, Less than a high school diploma, 25 years and over", Less than a high school diploma
LEU0252916700,2005,Q02,4,412,"(unadj)- Median usual weekly earnings (second quartile), Employed full time, Wage and salary workers, Less than a high school diploma, 25 years and over", Less than a high school diploma
LEU0252916700,2005,Q03,7,413,"(unadj)- Median usual weekly earnings (second quartile), Employed full time, Wage and salary workers, Less than a high school diploma, 25 years and over", Less than a high school diploma
LEU0252916700,2005,Q04,10,407,"(unadj)- Median usual weekly earnings (second quartile), Employed full time, Wage and salary workers, Less than a high school diploma, 25 years and over", Less than a high school diploma
LEU0252916700,2006,Q01,1,420,"(unadj)- Median usual weekly earnings (second quartile), Employed full time, Wage and salary workers, Less than a high school diploma, 25 years and over", Less than a high school diploma
LEU0252916700,2006,Q02,4,420,"(unadj)- Median usual weekly earnings (second quartile), Employed full time, Wage and salary workers, Less than a high school diploma, 25 years and over", Less than a high school diploma
LEU0252916700,2006,Q03,7,420,"(unadj)- Median usual weekly earnings (second quartile), Employed full time, Wage and salary workers, Less than a high school diploma, 25 years and over", Less than a high school diploma
LEU0252916700,2006,Q04,10,415,"(unadj)- Median usual weekly earnings (second quartile), Employed full time, Wage and salary workers, Less than a high school diploma, 25 years and over", Less than a high school diploma
LEU0252916700,2007,Q01,1,429,"(unadj)- Median usual weekly earnings (second quartile), Employed full time, Wage and salary workers, Less than a high school diploma, 25 years and over", Less than a high school diploma
LEU0252916700,2007,Q02,4,440,"(unadj)- Median usual weekly earnings (second quartile), Employed full time, Wage and salary workers, Less than a high school diploma, 25 years and over", Less than a high school diploma
LEU0252916700,2007,Q03,7,422,"(unadj)- Median usual weekly earnings (second quartile), Employed full time, Wage and salary workers, Less than a high school diploma, 25 years and over", Less than a high school diploma
LEU0252916700,2007,Q04,10,424,"(unadj)- Median usual weekly earnings (second quartile), Employed full time, Wage and salary workers, Less than a high school diploma, 25 years and over", Less than a high school diploma
LEU0252916700,2008,Q01,1,435,"(unadj)- Median usual weekly earnings (second quartile), Employed full time, Wage and salary workers, Less than a high school diploma, 25 years and over", Less than a high school diploma
LEU0252916700,2008,Q02,4,449,"(unadj)- Median usual weekly earnings (second quartile), Employed full time, Wage and salary workers, Less than a high school diploma, 25 years and over", Less than a high school diploma
LEU0252916700,2008,Q03,7,471,"(unadj)- Median usual weekly earnings (second quartile), Employed full time, Wage and salary workers, Less than a high school diploma, 25 years and over", Less than a high school diploma
LEU0252916700,2008,Q04,10,459,"(unadj)- Median usual weekly earnings (second quartile), Employed full time, Wage and salary workers, Less than a high school diploma, 25 years and over", Less than a high school diploma
LEU0252916700,2009,Q01,1,450,"(unadj)- Median usual weekly earnings (second quartile), Employed full time, Wage and salary workers, Less than a high school diploma, 25 years and over", Less than a high school diploma
LEU0252916700,2009,Q02,4,465,"(unadj)- Median usual weekly earnings (second quartile), Employed full time, Wage and salary workers, Less than a high school diploma, 25 years and over", Less than a high school diploma
LEU0252916700,2009,Q03,7,448,"(unadj)- Median usual weekly earnings (second quartile), Employed full time, Wage and salary workers, Less than a high school diploma, 25 years and over", Less than a high school diploma
LEU0252916700,2009,Q04,10,449,"(unadj)- Median usual weekly earnings (second quartile), Employed full time, Wage and salary workers, Less than a high school diploma, 25 years and over", Less than a high school diploma
LEU0252916700,2010,Q01,1,448,"(unadj)- Median usual weekly earnings (second quartile), Employed full time, Wage and salary workers, Less than a high school diploma, 25 years and over", Less than a high school diploma
LEU0252916700,2010,Q02,4,440,"(unadj)- Median usual weekly earnings (second quartile), Employed full time, Wage and salary workers, Less than a high school diploma, 25 years and over", Less than a high school diploma
LEU0252916700,2010,Q03,7,449,"(unadj)- Median usual weekly earnings (second quartile), Employed full time, Wage and salary workers, Less than a high school diploma, 25 years and over", Less than a high school diploma
LEU0252916700,2010,Q04,10,438,"(unadj)- Median usual weekly earnings (second quartile), Employed full time, Wage and salary workers, Less than a high school diploma, 25 years and over", Less than a high school diploma
LEU0252916700,2011,Q01,1,444,"(unadj)- Median usual weekly earnings (second quartile), Employed full time, Wage and salary workers, Less than a high school diploma, 25 years and over", Less than a high school diploma
LEU0252916700,2011,Q02,4,458,"(unadj)- Median usual weekly earnings (second quartile), Employed full time, Wage and salary workers, Less than a high school diploma, 25 years and over", Less than a high school diploma
LEU0252916700,2011,Q03,7,459,"(unadj)- Median usual weekly earnings (second quartile), Employed full time, Wage and salary workers, Less than a high school diploma, 25 years and over", Less than a high school diploma
LEU0252916700,2011,Q04,10,444,"(unadj)- Median usual weekly earnings (second quartile), Employed full time, Wage and salary workers, Less than a high school diploma, 25 years and over", Less than a high school diploma
LEU0252916700,2012,Q01,1,450,"(unadj)- Median usual weekly earnings (second quartile), Employed full time, Wage and salary workers, Less than a high school diploma, 25 years and over", Less than a high school diploma
LEU0252916700,2012,Q02,4,483,"(unadj)- Median usual weekly earnings (second quartile), Employed full time, Wage and salary workers, Less than a high school diploma, 25 years and over", Less than a high school diploma
LEU0252916700,2012,Q03,7,464,"(unadj)- Median usual weekly earnings (second quartile), Employed full time, Wage and salary workers, Less than a high school diploma, 25 years and over", Less than a high school diploma
LEU0252916700,2012,Q04,10,478,"(unadj)- Median usual weekly earnings (second quartile), Employed full time, Wage and salary workers, Less than a high school diploma, 25 years and over", Less than a high school diploma
LEU0252916700,2013,Q01,1,457,"(unadj)- Median usual weekly earnings (second quartile), Employed full time, Wage and salary workers, Less than a high school diploma, 25 years and over", Less than a high school diploma
LEU0252916700,2013,Q02,4,477,"(unadj)- Median usual weekly earnings (second quartile), Employed full time, Wage and salary workers, Less than a high school diploma, 25 years and over", Less than a high school diploma
LEU0252916700,2013,Q03,7,479,"(unadj)- Median usual weekly earnings (second quartile), Employed full time, Wage and salary workers, Less than a high school diploma, 25 years and over", Less than a high school diploma
LEU0252916700,2013,Q04,10,468,"(unadj)- Median usual weekly earnings (second quartile), Employed full time, Wage and salary workers, Less than a high school diploma, 25 years and over", Less than a high school diploma
LEU0252916700,2014,Q01,1,480,"(unadj)- Median usual weekly earnings (second quartile), Employed full time, Wage and salary workers, Less than a high school diploma, 25 years and over", Less than a high school diploma
LEU0252916700,2014,Q02,4,492,"(unadj)- Median usual weekly earnings (second quartile), Employed full time, Wage and salary workers, Less than a high school diploma, 25 years and over", Less than a high school diploma
LEU0252916700,2014,Q03,7,488,"(unadj)- Median usual weekly earnings (second quartile), Employed full time, Wage and salary workers, Less than a high school diploma, 25 years and over", Less than a high school diploma
LEU0252916700,2014,Q04,10,491,"(unadj)- Median usual weekly earnings (second quartile), Employed full time, Wage and salary workers, Less than a high school diploma, 25 years and over", Less than a high school diploma
LEU0252916700,2015,Q01,1,478,"(unadj)- Median usual weekly earnings (second quartile), Employed full time, Wage and salary workers, Less than a high school diploma, 25 years and over", Less than a high school diploma
LEU0252916700,2015,Q02,4,499,"(unadj)- Median usual weekly earnings (second quartile), Employed full time, Wage and salary workers, Less than a high school diploma, 25 years and over", Less than a high school diploma
LEU0252916700,2015,Q03,7,492,"(unadj)- Median usual weekly earnings (second quartile), Employed full time, Wage and salary workers, Less than a high school diploma, 25 years and over", Less than a high school diploma
LEU0252916700,2015,Q04,10,502,"(unadj)- Median usual weekly earnings (second quartile), Employed full time, Wage and salary workers, Less than a high school diploma, 25 years and over", Less than a high school diploma
LEU0252917300,2000,Q01,1,503,"(unadj)- Median usual weekly earnings (second quartile), Employed full time, Wage and salary workers, High school graduates, no college, 25 years and over"," High school graduates, no college"
LEU0252917300,2000,Q02,4,506,"(unadj)- Median usual weekly earnings (second quartile), Employed full time, Wage and salary workers, High school graduates, no college, 25 years and over"," High school graduates, no college"
LEU0252917300,2000,Q03,7,506,"(unadj)- Median usual weekly earnings (second quartile), Employed full time, Wage and salary workers, High school graduates, no college, 25 years and over"," High school graduates, no college"
LEU0252917300,2000,Q04,10,506,"(unadj)- Median usual weekly earnings (second quartile), Employed full time, Wage and salary workers, High school graduates, no college, 25 years and over"," High school graduates, no college"
LEU0252917300,2001,Q01,1,512,"(unadj)- Median usual weekly earnings (second quartile), Employed full time, Wage and salary workers, High school graduates, no college, 25 years and over"," High school graduates, no college"
LEU0252917300,2001,Q02,4,519,"(unadj)- Median usual weekly earnings (second quartile), Employed full time, Wage and salary workers, High school graduates, no college, 25 years and over"," High school graduates, no college"
LEU0252917300,2001,Q03,7,522,"(unadj)- Median usual weekly earnings (second quartile), Employed full time, Wage and salary workers, High school graduates, no college, 25 years and over"," High school graduates, no college"
LEU0252917300,2001,Q04,10,531,"(unadj)- Median usual weekly earnings (second quartile), Employed full time, Wage and salary workers, High school graduates, no college, 25 years and over"," High school graduates, no college"
LEU0252917300,2002,Q01,1,533,"(unadj)- Median usual weekly earnings (second quartile), Employed full time, Wage and salary workers, High school graduates, no college, 25 years and over"," High school graduates, no college"
LEU0252917300,2002,Q02,4,532,"(unadj)- Median usual weekly earnings (second quartile), Employed full time, Wage and salary workers, High school graduates, no college, 25 years and over"," High school graduates, no college"
LEU0252917300,2002,Q03,7,532,"(unadj)- Median usual weekly earnings (second quartile), Employed full time, Wage and salary workers, High school graduates, no college, 25 years and over"," High school graduates, no college"
LEU0252917300,2002,Q04,10,542,"(unadj)- Median usual weekly earnings (second quartile), Employed full time, Wage and salary workers, High school graduates, no college, 25 years and over"," High school graduates, no college"
LEU0252917300,2003,Q01,1,549,"(unadj)- Median usual weekly earnings (second quartile), Employed full time, Wage and salary workers, High school graduates, no college, 25 years and over"," High school graduates, no college"
LEU0252917300,2003,Q02,4,547,"(unadj)- Median usual weekly earnings (second quartile), Employed full time, Wage and salary workers, High school graduates, no college, 25 years and over"," High school graduates, no college"
LEU0252917300,2003,Q03,7,563,"(unadj)- Median usual weekly earnings (second quartile), Employed full time, Wage and salary workers, High school graduates, no college, 25 years and over"," High school graduates, no college"
LEU0252917300,2003,Q04,10,556,"(unadj)- Median usual weekly earnings (second quartile), Employed full time, Wage and salary workers, High school graduates, no college, 25 years and over"," High school graduates, no college"
LEU0252917300,2004,Q01,1,562,"(unadj)- Median usual weekly earnings (second quartile), Employed full time, Wage and salary workers, High school graduates, no college, 25 years and over"," High school graduates, no college"
LEU0252917300,2004,Q02,4,576,"(unadj)- Median usual weekly earnings (second quartile), Employed full time, Wage and salary workers, High school graduates, no college, 25 years and over"," High school graduates, no college"
LEU0252917300,2004,Q03,7,574,"(unadj)- Median usual weekly earnings (second quartile), Employed full time, Wage and salary workers, High school graduates, no college, 25 years and over"," High school graduates, no college"
LEU0252917300,2004,Q04,10,581,"(unadj)- Median usual weekly earnings (second quartile), Employed full time, Wage and salary workers, High school graduates, no college, 25 years and over"," High school graduates, no college"
LEU0252917300,2005,Q01,1,579,"(unadj)- Median usual weekly earnings (second quartile), Employed full time, Wage and salary workers, High school graduates, no college, 25 years and over"," High school graduates, no college"
LEU0252917300,2005,Q02,4,584,"(unadj)- Median usual weekly earnings (second quartile), Employed full time, Wage and salary workers, High school graduates, no college, 25 years and over"," High school graduates, no college"
LEU0252917300,2005,Q03,7,583,"(unadj)- Median usual weekly earnings (second quartile), Employed full time, Wage and salary workers, High school graduates, no college, 25 years and over"," High school graduates, no college"
LEU0252917300,2005,Q04,10,585,"(unadj)- Median usual weekly earnings (second quartile), Employed full time, Wage and salary workers, High school graduates, no college, 25 years and over"," High school graduates, no college"
LEU0252917300,2006,Q01,1,592,"(unadj)- Median usual weekly earnings (second quartile), Employed full time, Wage and salary workers, High school graduates, no college, 25 years and over"," High school graduates, no college"
LEU0252917300,2006,Q02,4,591,"(unadj)- Median usual weekly earnings (second quartile), Employed full time, Wage and salary workers, High school graduates, no college, 25 years and over"," High school graduates, no college"
LEU0252917300,2006,Q03,7,602,"(unadj)- Median usual weekly earnings (second quartile), Employed full time, Wage and salary workers, High school graduates, no college, 25 years and over"," High school graduates, no college"
LEU0252917300,2006,Q04,10,597,"(unadj)- Median usual weekly earnings (second quartile), Employed full time, Wage and salary workers, High school graduates, no college, 25 years and over"," High school graduates, no college"
LEU0252917300,2007,Q01,1,602,"(unadj)- Median usual weekly earnings (second quartile), Employed full time, Wage and salary workers, High school graduates, no college, 25 years and over"," High school graduates, no college"
LEU0252917300,2007,Q02,4,597,"(unadj)- Median usual weekly earnings (second quartile), Employed full time, Wage and salary workers, High school graduates, no college, 25 years and over"," High school graduates, no college"
LEU0252917300,2007,Q03,7,610,"(unadj)- Median usual weekly earnings (second quartile), Employed full time, Wage and salary workers, High school graduates, no college, 25 years and over"," High school graduates, no college"
LEU0252917300,2007,Q04,10,610,"(unadj)- Median usual weekly earnings (second quartile), Employed full time, Wage and salary workers, High school graduates, no college, 25 years and over"," High school graduates, no college"
LEU0252917300,2008,Q01,1,615,"(unadj)- Median usual weekly earnings (second quartile), Employed full time, Wage and salary workers, High school graduates, no college, 25 years and over"," High school graduates, no college"
LEU0252917300,2008,Q02,4,620,"(unadj)- Median usual weekly earnings (second quartile), Employed full time, Wage and salary workers, High school graduates, no college, 25 years and over"," High school graduates, no college"
LEU0252917300,2008,Q03,7,618,"(unadj)- Median usual weekly earnings (second quartile), Employed full time, Wage and salary workers, High school graduates, no college, 25 years and over"," High school graduates, no college"
LEU0252917300,2008,Q04,10,619,"(unadj)- Median usual weekly earnings (second quartile), Employed full time, Wage and salary workers, High school graduates, no college, 25 years and over"," High school graduates, no college"
LEU0252917300,2009,Q01,1,620,"(unadj)- Median usual weekly earnings (second quartile), Employed full time, Wage and salary workers, High school graduates, no college, 25 years and over"," High school graduates, no college"
LEU0252917300,2009,Q02,4,630,"(unadj)- Median usual weekly earnings (second quartile), Employed full time, Wage and salary workers, High school graduates, no college, 25 years and over"," High school graduates, no college"
LEU0252917300,2009,Q03,7,621,"(unadj)- Median usual weekly earnings (second quartile), Employed full time, Wage and salary workers, High school graduates, no college, 25 years and over"," High school graduates, no college"
LEU0252917300,2009,Q04,10,638,"(unadj)- Median usual weekly earnings (second quartile), Employed full time, Wage and salary workers, High school graduates, no college, 25 years and over"," High school graduates, no college"
LEU0252917300,2010,Q01,1,624,"(unadj)- Median usual weekly earnings (second quartile), Employed full time, Wage and salary workers, High school graduates, no college, 25 years and over"," High school graduates, no college"
LEU0252917300,2010,Q02,4,629,"(unadj)- Median usual weekly earnings (second quartile), Employed full time, Wage and salary workers, High school graduates, no college, 25 years and over"," High school graduates, no college"
LEU0252917300,2010,Q03,7,622,"(unadj)- Median usual weekly earnings (second quartile), Employed full time, Wage and salary workers, High school graduates, no college, 25 years and over"," High school graduates, no college"
LEU0252917300,2010,Q04,10,633,"(unadj)- Median usual weekly earnings (second quartile), Employed full time, Wage and salary workers, High school graduates, no college, 25 years and over"," High school graduates, no college"
LEU0252917300,2011,Q01,1,633,"(unadj)- Median usual weekly earnings (second quartile), Employed full time, Wage and salary workers, High school graduates, no college, 25 years and over"," High school graduates, no college"
LEU0252917300,2011,Q02,4,643,"(unadj)- Median usual weekly earnings (second quartile), Employed full time, Wage and salary workers, High school graduates, no college, 25 years and over"," High school graduates, no college"
LEU0252917300,2011,Q03,7,636,"(unadj)- Median usual weekly earnings (second quartile), Employed full time, Wage and salary workers, High school graduates, no college, 25 years and over"," High school graduates, no college"
LEU0252917300,2011,Q04,10,641,"(unadj)- Median usual weekly earnings (second quartile), Employed full time, Wage and salary workers, High school graduates, no college, 25 years and over"," High school graduates, no college"
LEU0252917300,2012,Q01,1,653,"(unadj)- Median usual weekly earnings (second quartile), Employed full time, Wage and salary workers, High school graduates, no college, 25 years and over"," High school graduates, no college"
LEU0252917300,2012,Q02,4,659,"(unadj)- Median usual weekly earnings (second quartile), Employed full time, Wage and salary workers, High school graduates, no college, 25 years and over"," High school graduates, no college"
LEU0252917300,2012,Q03,7,648,"(unadj)- Median usual weekly earnings (second quartile), Employed full time, Wage and salary workers, High school graduates, no college, 25 years and over"," High school graduates, no college"
LEU0252917300,2012,Q04,10,647,"(unadj)- Median usual weekly earnings (second quartile), Employed full time, Wage and salary workers, High school graduates, no college, 25 years and over"," High school graduates, no college"
LEU0252917300,2013,Q01,1,651,"(unadj)- Median usual weekly earnings (second quartile), Employed full time, Wage and salary workers, High school graduates, no college, 25 years and over"," High school graduates, no college"
LEU0252917300,2013,Q02,4,647,"(unadj)- Median usual weekly earnings (second quartile), Employed full time, Wage and salary workers, High school graduates, no college, 25 years and over"," High school graduates, no college"
LEU0252917300,2013,Q03,7,659,"(unadj)- Median usual weekly earnings (second quartile), Employed full time, Wage and salary workers, High school graduates, no college, 25 years and over"," High school graduates, no college"
LEU0252917300,2013,Q04,10,648,"(unadj)- Median usual weekly earnings (second quartile), Employed full time, Wage and salary workers, High school graduates, no college, 25 years and over"," High school graduates, no college"
LEU0252917300,2014,Q01,1,660,"(unadj)- Median usual weekly earnings (second quartile), Employed full time, Wage and salary workers, High school graduates, no college, 25 years and over"," High school graduates, no college"
LEU0252917300,2014,Q02,4,666,"(unadj)- Median usual weekly earnings (second quartile), Employed full time, Wage and salary workers, High school graduates, no college, 25 years and over"," High school graduates, no college"
LEU0252917300,2014,Q03,7,681,"(unadj)- Median usual weekly earnings (second quartile), Employed full time, Wage and salary workers, High school graduates, no college, 25 years and over"," High school graduates, no college"
LEU0252917300,2014,Q04,10,664,"(unadj)- Median usual weekly earnings (second quartile), Employed full time, Wage and salary workers, High school graduates, no college, 25 years and over"," High school graduates, no college"
LEU0252917300,2015,Q01,1,669,"(unadj)- Median usual weekly earnings (second quartile), Employed full time, Wage and salary workers, High school graduates, no college, 25 years and over"," High school graduates, no college"
LEU0252917300,2015,Q02,4,678,"(unadj)- Median usual weekly earnings (second quartile), Employed full time, Wage and salary workers, High school graduates, no college, 25 years and over"," High school graduates, no college"
LEU0252917300,2015,Q03,7,672,"(unadj)- Median usual weekly earnings (second quartile), Employed full time, Wage and salary workers, High school graduates, no college, 25 years and over"," High school graduates, no college"
LEU0252917300,2015,Q04,10,690,"(unadj)- Median usual weekly earnings (second quartile), Employed full time, Wage and salary workers, High school graduates, no college, 25 years and over"," High school graduates, no college"
LEU0254929400,2000,Q01,1,590,"(unadj)- Median usual weekly earnings (second quartile), Employed full time, Wage and salary workers, Some college or associate degree, 25 years and over", Some college or associate degree
LEU0254929400,2000,Q02,4,592,"(unadj)- Median usual weekly earnings (second quartile), Employed full time, Wage and salary workers, Some college or associate degree, 25 years and over", Some college or associate degree
LEU0254929400,2000,Q03,7,600,"(unadj)- Median usual weekly earnings (second quartile), Employed full time, Wage and salary workers, Some college or associate degree, 25 years and over", Some college or associate degree
LEU0254929400,2000,Q04,10,600,"(unadj)- Median usual weekly earnings (second quartile), Employed full time, Wage and salary workers, Some college or associate degree, 25 years and over", Some college or associate degree
LEU0254929400,2001,Q01,1,607,"(unadj)- Median usual weekly earnings (second quartile), Employed full time, Wage and salary workers, Some college or associate degree, 25 years and over", Some college or associate degree
LEU0254929400,2001,Q02,4,614,"(unadj)- Median usual weekly earnings (second quartile), Employed full time, Wage and salary workers, Some college or associate degree, 25 years and over", Some college or associate degree
LEU0254929400,2001,Q03,7,621,"(unadj)- Median usual weekly earnings (second quartile), Employed full time, Wage and salary workers, Some college or associate degree, 25 years and over", Some college or associate degree
LEU0254929400,2001,Q04,10,628,"(unadj)- Median usual weekly earnings (second quartile), Employed full time, Wage and salary workers, Some college or associate degree, 25 years and over", Some college or associate degree
LEU0254929400,2002,Q01,1,630,"(unadj)- Median usual weekly earnings (second quartile), Employed full time, Wage and salary workers, Some college or associate degree, 25 years and over", Some college or associate degree
LEU0254929400,2002,Q02,4,634,"(unadj)- Median usual weekly earnings (second quartile), Employed full time, Wage and salary workers, Some college or associate degree, 25 years and over", Some college or associate degree
LEU0254929400,2002,Q03,7,622,"(unadj)- Median usual weekly earnings (second quartile), Employed full time, Wage and salary workers, Some college or associate degree, 25 years and over", Some college or associate degree
LEU0254929400,2002,Q04,10,631,"(unadj)- Median usual weekly earnings (second quartile), Employed full time, Wage and salary workers, Some college or associate degree, 25 years and over", Some college or associate degree
LEU0254929400,2003,Q01,1,635,"(unadj)- Median usual weekly earnings (second quartile), Employed full time, Wage and salary workers, Some college or associate degree, 25 years and over", Some college or associate degree
LEU0254929400,2003,Q02,4,638,"(unadj)- Median usual weekly earnings (second quartile), Employed full time, Wage and salary workers, Some college or associate degree, 25 years and over", Some college or associate degree
LEU0254929400,2003,Q03,7,634,"(unadj)- Median usual weekly earnings (second quartile), Employed full time, Wage and salary workers, Some college or associate degree, 25 years and over", Some college or associate degree
LEU0254929400,2003,Q04,10,648,"(unadj)- Median usual weekly earnings (second quartile), Employed full time, Wage and salary workers, Some college or associate degree, 25 years and over", Some college or associate degree
LEU0254929400,2004,Q01,1,649,"(unadj)- Median usual weekly earnings (second quartile), Employed full time, Wage and salary workers, Some college or associate degree, 25 years and over", Some college or associate degree
LEU0254929400,2004,Q02,4,664,"(unadj)- Median usual weekly earnings (second quartile), Employed full time, Wage and salary workers, Some college or associate degree, 25 years and over", Some college or associate degree
LEU0254929400,2004,Q03,7,661,"(unadj)- Median usual weekly earnings (second quartile), Employed full time, Wage and salary workers, Some college or associate degree, 25 years and over", Some college or associate degree
LEU0254929400,2004,Q04,10,667,"(unadj)- Median usual weekly earnings (second quartile), Employed full time, Wage and salary workers, Some college or associate degree, 25 years and over", Some college or associate degree
LEU0254929400,2005,Q01,1,667,"(unadj)- Median usual weekly earnings (second quartile), Employed full time, Wage and salary workers, Some college or associate degree, 25 years and over", Some college or associate degree
LEU0254929400,2005,Q02,4,661,"(unadj)- Median usual weekly earnings (second quartile), Employed full time, Wage and salary workers, Some college or associate degree, 25 years and over", Some college or associate degree
LEU0254929400,2005,Q03,7,678,"(unadj)- Median usual weekly earnings (second quartile), Employed full time, Wage and salary workers, Some college or associate degree, 25 years and over", Some college or associate degree
LEU0254929400,2005,Q04,10,674,"(unadj)- Median usual weekly earnings (second quartile), Employed full time, Wage and salary workers, Some college or associate degree, 25 years and over", Some college or associate degree
LEU0254929400,2006,Q01,1,691,"(unadj)- Median usual weekly earnings (second quartile), Employed full time, Wage and salary workers, Some college or associate degree, 25 years and over", Some college or associate degree
LEU0254929400,2006,Q02,4,676,"(unadj)- Median usual weekly earnings (second quartile), Employed full time, Wage and salary workers, Some college or associate degree, 25 years and over", Some college or associate degree
LEU0254929400,2006,Q03,7,701,"(unadj)- Median usual weekly earnings (second quartile), Employed full time, Wage and salary workers, Some college or associate degree, 25 years and over", Some college or associate degree
LEU0254929400,2006,Q04,10,700,"(unadj)- Median usual weekly earnings (second quartile), Employed full time, Wage and salary workers, Some college or associate degree, 25 years and over", Some college or associate degree
LEU0254929400,2007,Q01,1,710,"(unadj)- Median usual weekly earnings (second quartile), Employed full time, Wage and salary workers, Some college or associate degree, 25 years and over", Some college or associate degree
LEU0254929400,2007,Q02,4,704,"(unadj)- Median usual weekly earnings (second quartile), Employed full time, Wage and salary workers, Some college or associate degree, 25 years and over", Some college or associate degree
LEU0254929400,2007,Q03,7,707,"(unadj)- Median usual weekly earnings (second quartile), Employed full time, Wage and salary workers, Some college or associate degree, 25 years and over", Some college or associate degree
LEU0254929400,2007,Q04,10,697,"(unadj)- Median usual weekly earnings (second quartile), Employed full time, Wage and salary workers, Some college or associate degree, 25 years and over", Some college or associate degree
LEU0254929400,2008,Q01,1,715,"(unadj)- Median usual weekly earnings (second quartile), Employed full time, Wage and salary workers, Some college or associate degree, 25 years and over", Some college or associate degree
LEU0254929400,2008,Q02,4,727,"(unadj)- Median usual weekly earnings (second quartile), Employed full time, Wage and salary workers, Some college or associate degree, 25 years and over", Some college or associate degree
LEU0254929400,2008,Q03,7,725,"(unadj)- Median usual weekly earnings (second quartile), Employed full time, Wage and salary workers, Some college or associate degree, 25 years and over", Some college or associate degree
LEU0254929400,2008,Q04,10,719,"(unadj)- Median usual weekly earnings (second quartile), Employed full time, Wage and salary workers, Some college or associate degree, 25 years and over", Some college or associate degree
LEU0254929400,2009,Q01,1,726,"(unadj)- Median usual weekly earnings (second quartile), Employed full time, Wage and salary workers, Some college or associate degree, 25 years and over", Some college or associate degree
LEU0254929400,2009,Q02,4,719,"(unadj)- Median usual weekly earnings (second quartile), Employed full time, Wage and salary workers, Some college or associate degree, 25 years and over", Some college or associate degree
LEU0254929400,2009,Q03,7,720,"(unadj)- Median usual weekly earnings (second quartile), Employed full time, Wage and salary workers, Some college or associate degree, 25 years and over", Some college or associate degree
LEU0254929400,2009,Q04,10,735,"(unadj)- Median usual weekly earnings (second quartile), Employed full time, Wage and salary workers, Some college or associate degree, 25 years and over", Some college or associate degree
LEU0254929400,2010,Q01,1,738,"(unadj)- Median usual weekly earnings (second quartile), Employed full time, Wage and salary workers, Some college or associate degree, 25 years and over", Some college or associate degree
LEU0254929400,2010,Q02,4,737,"(unadj)- Median usual weekly earnings (second quartile), Employed full time, Wage and salary workers, Some college or associate degree, 25 years and over", Some college or associate degree
LEU0254929400,2010,Q03,7,732,"(unadj)- Median usual weekly earnings (second quartile), Employed full time, Wage and salary workers, Some college or associate degree, 25 years and over", Some college or associate degree
LEU0254929400,2010,Q04,10,727,"(unadj)- Median usual weekly earnings (second quartile), Employed full time, Wage and salary workers, Some college or associate degree, 25 years and over", Some college or associate degree
LEU0254929400,2011,Q01,1,736,"(unadj)- Median usual weekly earnings (second quartile), Employed full time, Wage and salary workers, Some college or associate degree, 25 years and over", Some college or associate degree
LEU0254929400,2011,Q02,4,743,"(unadj)- Median usual weekly earnings (second quartile), Employed full time, Wage and salary workers, Some college or associate degree, 25 years and over", Some college or associate degree
LEU0254929400,2011,Q03,7,731,"(unadj)- Median usual weekly earnings (second quartile), Employed full time, Wage and salary workers, Some college or associate degree, 25 years and over", Some college or associate degree
LEU0254929400,2011,Q04,10,744,"(unadj)- Median usual weekly earnings (second quartile), Employed full time, Wage and salary workers, Some college or associate degree, 25 years and over", Some college or associate degree
LEU0254929400,2012,Q01,1,754,"(unadj)- Median usual weekly earnings (second quartile), Employed full time, Wage and salary workers, Some college or associate degree, 25 years and over", Some college or associate degree
LEU0254929400,2012,Q02,4,754,"(unadj)- Median usual weekly earnings (second quartile), Employed full time, Wage and salary workers, Some college or associate degree, 25 years and over", Some college or associate degree
LEU0254929400,2012,Q03,7,736,"(unadj)- Median usual weekly earnings (second quartile), Employed full time, Wage and salary workers, Some college or associate degree, 25 years and over", Some college or associate degree
LEU0254929400,2012,Q04,10,752,"(unadj)- Median usual weekly earnings (second quartile), Employed full time, Wage and salary workers, Some college or associate degree, 25 years and over", Some college or associate degree
LEU0254929400,2013,Q01,1,741,"(unadj)- Median usual weekly earnings (second quartile), Employed full time, Wage and salary workers, Some college or associate degree, 25 years and over", Some college or associate degree
LEU0254929400,2013,Q02,4,751,"(unadj)- Median usual weekly earnings (second quartile), Employed full time, Wage and salary workers, Some college or associate degree, 25 years and over", Some college or associate degree
LEU0254929400,2013,Q03,7,747,"(unadj)- Median usual weekly earnings (second quartile), Employed full time, Wage and salary workers, Some college or associate degree, 25 years and over", Some college or associate degree
LEU0254929400,2013,Q04,10,752,"(unadj)- Median usual weekly earnings (second quartile), Employed full time, Wage and salary workers, Some college or associate degree, 25 years and over", Some college or associate degree
LEU0254929400,2014,Q01,1,756,"(unadj)- Median usual weekly earnings (second quartile), Employed full time, Wage and salary workers, Some college or associate degree, 25 years and over", Some college or associate degree
LEU0254929400,2014,Q02,4,757,"(unadj)- Median usual weekly earnings (second quartile), Employed full time, Wage and salary workers, Some college or associate degree, 25 years and over", Some college or associate degree
LEU0254929400,2014,Q03,7,762,"(unadj)- Median usual weekly earnings (second quartile), Employed full time, Wage and salary workers, Some college or associate degree, 25 years and over", Some college or associate degree
LEU0254929400,2014,Q04,10,771,"(unadj)- Median usual weekly earnings (second quartile), Employed full time, Wage and salary workers, Some college or associate degree, 25 years and over", Some college or associate degree
LEU0254929400,2015,Q01,1,758,"(unadj)- Median usual weekly earnings (second quartile), Employed full time, Wage and salary workers, Some college or associate degree, 25 years and over", Some college or associate degree
LEU0254929400,2015,Q02,4,757,"(unadj)- Median usual weekly earnings (second quartile), Employed full time, Wage and salary workers, Some college or associate degree, 25 years and over", Some college or associate degree
LEU0254929400,2015,Q03,7,773,"(unadj)- Median usual weekly earnings (second quartile), Employed full time, Wage and salary workers, Some college or associate degree, 25 years and over", Some college or associate degree
LEU0254929400,2015,Q04,10,757,"(unadj)- Median usual weekly earnings (second quartile), Employed full time, Wage and salary workers, Some college or associate degree, 25 years and over", Some college or associate degree
LEU0252918500,2000,Q01,1,886,"(unadj)- Median usual weekly earnings (second quartile), Employed full time, Wage and salary workers, Bachelor's degree or higher, 25 years and over",Bachelor's degree or higher
LEU0252918500,2000,Q02,4,887,"(unadj)- Median usual weekly earnings (second quartile), Employed full time, Wage and salary workers, Bachelor's degree or higher, 25 years and over",Bachelor's degree or higher
LEU0252918500,2000,Q03,7,896,"(unadj)- Median usual weekly earnings (second quartile), Employed full time, Wage and salary workers, Bachelor's degree or higher, 25 years and over",Bachelor's degree or higher
LEU0252918500,2000,Q04,10,894,"(unadj)- Median usual weekly earnings (second quartile), Employed full time, Wage and salary workers, Bachelor's degree or higher, 25 years and over",Bachelor's degree or higher
LEU0252918500,2001,Q01,1,916,"(unadj)- Median usual weekly earnings (second quartile), Employed full time, Wage and salary workers, Bachelor's degree or higher, 25 years and over",Bachelor's degree or higher
LEU0252918500,2001,Q02,4,912,"(unadj)- Median usual weekly earnings (second quartile), Employed full time, Wage and salary workers, Bachelor's degree or higher, 25 years and over",Bachelor's degree or higher
LEU0252918500,2001,Q03,7,928,"(unadj)- Median usual weekly earnings (second quartile), Employed full time, Wage and salary workers, Bachelor's degree or higher, 25 years and over",Bachelor's degree or higher
LEU0252918500,2001,Q04,10,927,"(unadj)- Median usual weekly earnings (second quartile), Employed full time, Wage and salary workers, Bachelor's degree or higher, 25 years and over",Bachelor's degree or higher
LEU0252918500,2002,Q01,1,940,"(unadj)- Median usual weekly earnings (second quartile), Employed full time, Wage and salary workers, Bachelor's degree or higher, 25 years and over",Bachelor's degree or higher
LEU0252918500,2002,Q02,4,939,"(unadj)- Median usual weekly earnings (second quartile), Employed full time, Wage and salary workers, Bachelor's degree or higher, 25 years and over",Bachelor's degree or higher
LEU0252918500,2002,Q03,7,941,"(unadj)- Median usual weekly earnings (second quartile), Employed full time, Wage and salary workers, Bachelor's degree or higher, 25 years and over",Bachelor's degree or higher
LEU0252918500,2002,Q04,10,943,"(unadj)- Median usual weekly earnings (second quartile), Employed full time, Wage and salary workers, Bachelor's degree or higher, 25 years and over",Bachelor's degree or higher
LEU0252918500,2003,Q01,1,961,"(unadj)- Median usual weekly earnings (second quartile), Employed full time, Wage and salary workers, Bachelor's degree or higher, 25 years and over",Bachelor's degree or higher
LEU0252918500,2003,Q02,4,969,"(unadj)- Median usual weekly earnings (second quartile), Employed full time, Wage and salary workers, Bachelor's degree or higher, 25 years and over",Bachelor's degree or higher
LEU0252918500,2003,Q03,7,958,"(unadj)- Median usual weekly earnings (second quartile), Employed full time, Wage and salary workers, Bachelor's degree or higher, 25 years and over",Bachelor's degree or higher
LEU0252918500,2003,Q04,10,967,"(unadj)- Median usual weekly earnings (second quartile), Employed full time, Wage and salary workers, Bachelor's degree or higher, 25 years and over",Bachelor's degree or higher
LEU0252918500,2004,Q01,1,996,"(unadj)- Median usual weekly earnings (second quartile), Employed full time, Wage and salary workers, Bachelor's degree or higher, 25 years and over",Bachelor's degree or higher
LEU0252918500,2004,Q02,4,973,"(unadj)- Median usual weekly earnings (second quartile), Employed full time, Wage and salary workers, Bachelor's degree or higher, 25 years and over",Bachelor's degree or higher
LEU0252918500,2004,Q03,7,984,"(unadj)- Median usual weekly earnings (second quartile), Employed full time, Wage and salary workers, Bachelor's degree or higher, 25 years and over",Bachelor's degree or higher
LEU0252918500,2004,Q04,10,996,"(unadj)- Median usual weekly earnings (second quartile), Employed full time, Wage and salary workers, Bachelor's degree or higher, 25 years and over",Bachelor's degree or higher
LEU0252918500,2005,Q01,1,1013,"(unadj)- Median usual weekly earnings (second quartile), Employed full time, Wage and salary workers, Bachelor's degree or higher, 25 years and over",Bachelor's degree or higher
LEU0252918500,2005,Q02,4,996,"(unadj)- Median usual weekly earnings (second quartile), Employed full time, Wage and salary workers, Bachelor's degree or higher, 25 years and over",Bachelor's degree or higher
LEU0252918500,2005,Q03,7,1014,"(unadj)- Median usual weekly earnings (second quartile), Employed full time, Wage and salary workers, Bachelor's degree or higher, 25 years and over",Bachelor's degree or higher
LEU0252918500,2005,Q04,10,1029,"(unadj)- Median usual weekly earnings (second quartile), Employed full time, Wage and salary workers, Bachelor's degree or higher, 25 years and over",Bachelor's degree or higher
LEU0252918500,2006,Q01,1,1019,"(unadj)- Median usual weekly earnings (second quartile), Employed full time, Wage and salary workers, Bachelor's degree or higher, 25 years and over",Bachelor's degree or higher
LEU0252918500,2006,Q02,4,1047,"(unadj)- Median usual weekly earnings (second quartile), Employed full time, Wage and salary workers, Bachelor's degree or higher, 25 years and over",Bachelor's degree or higher
LEU0252918500,2006,Q03,7,1047,"(unadj)- Median usual weekly earnings (second quartile), Employed full time, Wage and salary workers, Bachelor's degree or higher, 25 years and over",Bachelor's degree or higher
LEU0252918500,2006,Q04,10,1046,"(unadj)- Median usual weekly earnings (second quartile), Employed full time, Wage and salary workers, Bachelor's degree or higher, 25 years and over",Bachelor's degree or higher
LEU0252918500,2007,Q01,1,1030,"(unadj)- Median usual weekly earnings (second quartile), Employed full time, Wage and salary workers, Bachelor's degree or higher, 25 years and over",Bachelor's degree or higher
LEU0252918500,2007,Q02,4,1092,"(unadj)- Median usual weekly earnings (second quartile), Employed full time, Wage and salary workers, Bachelor's degree or higher, 25 years and over",Bachelor's degree or higher
LEU0252918500,2007,Q03,7,1088,"(unadj)- Median usual weekly earnings (second quartile), Employed full time, Wage and salary workers, Bachelor's degree or higher, 25 years and over",Bachelor's degree or higher
LEU0252918500,2007,Q04,10,1086,"(unadj)- Median usual weekly earnings (second quartile), Employed full time, Wage and salary workers, Bachelor's degree or higher, 25 years and over",Bachelor's degree or higher
LEU0252918500,2008,Q01,1,1108,"(unadj)- Median usual weekly earnings (second quartile), Employed full time, Wage and salary workers, Bachelor's degree or higher, 25 years and over",Bachelor's degree or higher
LEU0252918500,2008,Q02,4,1105,"(unadj)- Median usual weekly earnings (second quartile), Employed full time, Wage and salary workers, Bachelor's degree or higher, 25 years and over",Bachelor's degree or higher
LEU0252918500,2008,Q03,7,1131,"(unadj)- Median usual weekly earnings (second quartile), Employed full time, Wage and salary workers, Bachelor's degree or higher, 25 years and over",Bachelor's degree or higher
LEU0252918500,2008,Q04,10,1115,"(unadj)- Median usual weekly earnings (second quartile), Employed full time, Wage and salary workers, Bachelor's degree or higher, 25 years and over",Bachelor's degree or higher
LEU0252918500,2009,Q01,1,1138,"(unadj)- Median usual weekly earnings (second quartile), Employed full time, Wage and salary workers, Bachelor's degree or higher, 25 years and over",Bachelor's degree or higher
LEU0252918500,2009,Q02,4,1140,"(unadj)- Median usual weekly earnings (second quartile), Employed full time, Wage and salary workers, Bachelor's degree or higher, 25 years and over",Bachelor's degree or higher
LEU0252918500,2009,Q03,7,1145,"(unadj)- Median usual weekly earnings (second quartile), Employed full time, Wage and salary workers, Bachelor's degree or higher, 25 years and over",Bachelor's degree or higher
LEU0252918500,2009,Q04,10,1121,"(unadj)- Median usual weekly earnings (second quartile), Employed full time, Wage and salary workers, Bachelor's degree or higher, 25 years and over",Bachelor's degree or higher
LEU0252918500,2010,Q01,1,1140,"(unadj)- Median usual weekly earnings (second quartile), Employed full time, Wage and salary workers, Bachelor's degree or higher, 25 years and over",Bachelor's degree or higher
LEU0252918500,2010,Q02,4,1138,"(unadj)- Median usual weekly earnings (second quartile), Employed full time, Wage and salary workers, Bachelor's degree or higher, 25 years and over",Bachelor's degree or higher
LEU0252918500,2010,Q03,7,1158,"(unadj)- Median usual weekly earnings (second quartile), Employed full time, Wage and salary workers, Bachelor's degree or higher, 25 years and over",Bachelor's degree or higher
LEU0252918500,2010,Q04,10,1139,"(unadj)- Median usual weekly earnings (second quartile), Employed full time, Wage and salary workers, Bachelor's degree or higher, 25 years and over",Bachelor's degree or higher
LEU0252918500,2011,Q01,1,1150,"(unadj)- Median usual weekly earnings (second quartile), Employed full time, Wage and salary workers, Bachelor's degree or higher, 25 years and over",Bachelor's degree or higher
LEU0252918500,2011,Q02,4,1141,"(unadj)- Median usual weekly earnings (second quartile), Employed full time, Wage and salary workers, Bachelor's degree or higher, 25 years and over",Bachelor's degree or higher
LEU0252918500,2011,Q03,7,1152,"(unadj)- Median usual weekly earnings (second quartile), Employed full time, Wage and salary workers, Bachelor's degree or higher, 25 years and over",Bachelor's degree or higher
LEU0252918500,2011,Q04,10,1158,"(unadj)- Median usual weekly earnings (second quartile), Employed full time, Wage and salary workers, Bachelor's degree or higher, 25 years and over",Bachelor's degree or higher
LEU0252918500,2012,Q01,1,1158,"(unadj)- Median usual weekly earnings (second quartile), Employed full time, Wage and salary workers, Bachelor's degree or higher, 25 years and over",Bachelor's degree or higher
LEU0252918500,2012,Q02,4,1164,"(unadj)- Median usual weekly earnings (second quartile), Employed full time, Wage and salary workers, Bachelor's degree or higher, 25 years and over",Bachelor's degree or higher
LEU0252918500,2012,Q03,7,1170,"(unadj)- Median usual weekly earnings (second quartile), Employed full time, Wage and salary workers, Bachelor's degree or higher, 25 years and over",Bachelor's degree or higher
LEU0252918500,2012,Q04,10,1168,"(unadj)- Median usual weekly earnings (second quartile), Employed full time, Wage and salary workers, Bachelor's degree or higher, 25 years and over",Bachelor's degree or higher
LEU0252918500,2013,Q01,1,1189,"(unadj)- Median usual weekly earnings (second quartile), Employed full time, Wage and salary workers, Bachelor's degree or higher, 25 years and over",Bachelor's degree or higher
LEU0252918500,2013,Q02,4,1193,"(unadj)- Median usual weekly earnings (second quartile), Employed full time, Wage and salary workers, Bachelor's degree or higher, 25 years and over",Bachelor's degree or higher
LEU0252918500,2013,Q03,7,1174,"(unadj)- Median usual weekly earnings (second quartile), Employed full time, Wage and salary workers, Bachelor's degree or higher, 25 years and over",Bachelor's degree or higher
LEU0252918500,2013,Q04,10,1219,"(unadj)- Median usual weekly earnings (second quartile), Employed full time, Wage and salary workers, Bachelor's degree or higher, 25 years and over",Bachelor's degree or higher
LEU0252918500,2014,Q01,1,1199,"(unadj)- Median usual weekly earnings (second quartile), Employed full time, Wage and salary workers, Bachelor's degree or higher, 25 years and over",Bachelor's degree or higher
LEU0252918500,2014,Q02,4,1187,"(unadj)- Median usual weekly earnings (second quartile), Employed full time, Wage and salary workers, Bachelor's degree or higher, 25 years and over",Bachelor's degree or higher
LEU0252918500,2014,Q03,7,1170,"(unadj)- Median usual weekly earnings (second quartile), Employed full time, Wage and salary workers, Bachelor's degree or higher, 25 years and over",Bachelor's degree or higher
LEU0252918500,2014,Q04,10,1224,"(unadj)- Median usual weekly earnings (second quartile), Employed full time, Wage and salary workers, Bachelor's degree or higher, 25 years and over",Bachelor's degree or higher
LEU0252918500,2015,Q01,1,1227,"(unadj)- Median usual weekly earnings (second quartile), Employed full time, Wage and salary workers, Bachelor's degree or higher, 25 years and over",Bachelor's degree or higher
LEU0252918500,2015,Q02,4,1210,"(unadj)- Median usual weekly earnings (second quartile), Employed full time, Wage and salary workers, Bachelor's degree or higher, 25 years and over",Bachelor's degree or higher
LEU0252918500,2015,Q03,7,1234,"(unadj)- Median usual weekly earnings (second quartile), Employed full time, Wage and salary workers, Bachelor's degree or higher, 25 years and over",Bachelor's degree or higher
LEU0252918500,2015,Q04,10,1245,"(unadj)- Median usual weekly earnings (second quartile), Employed full time, Wage and salary workers, Bachelor's degree or higher, 25 years and over",Bachelor's degree or higher
